Source,Type,Purpose,Freshness,Review Owner,URL
GitHub repository,Internal technical,"Code, migrations, tests, implementation reports",Each release,Engineering,https://github.com/AmroElzeiny/Trace-Edge
SC Malaysia Digital Assets,Official authority,Asset-level digital asset Sharia references,Daily monitor / source changes,Governance,https://www.sc.com.my/digital-assets
Hub71+ Digital Assets,Official accelerator,Programme details and deadlines,Before application,Founder,https://www.hub71.com/program/hub71-plus-digital-assets/apply
DIFC Innovation Hub,Official accelerator,Islamic FinTech and regional programmes,Monthly,Founder,https://www.innovationhub.difc.ae/accelerators
Antler MENAP,Official accelerator,Residency and investment information,Before application,Founder,https://www.antler.co/location/menap
Y Combinator,Official accelerator,Application and deal,Before application,Founder,https://www.ycombinator.com/apply
HalalSignalz,Competitor,Screening and signal positioning,Quarterly,Strategy,https://www.halalsignalz.com/
Saraf Screening,Competitor,Mobile screening position,Quarterly,Strategy,https://sarafscreening.com/
Halal Terminal,Competitor,Terminal/platform position,Quarterly,Strategy,https://www.halalterminal.com/product
